idx,color,root,knocks,texture,navel,touch,density,suggar_ratio,label
1,dark_green,curl_up,little_heavily,distinct,sinking,hard_smooth,0.697,0.46,1
2,black,curl_up,heavily,distinct,sinking,hard_smooth,0.774,0.376,1
3,black,curl_up,little_heavily,distinct,sinking,hard_smooth,0.634,0.264,1
4,dark_green,curl_up,heavily,distinct,sinking,hard_smooth,0.608,0.318,1
5,light_white,curl_up,little_heavily,distinct,sinking,hard_smooth,0.556,0.215,1
6,dark_green,little_curl_up,little_heavily,distinct,little_sinking,soft_stick,0.403,0.237,1
7,black,little_curl_up,little_heavily,little_blur,little_sinking,soft_stick,0.481,0.149,1
8,black,little_curl_up,little_heavily,distinct,little_sinking,hard_smooth,0.437,0.211,1
9,black,little_curl_up,heavily,little_blur,little_sinking,hard_smooth,0.666,0.091,0
10,dark_green,stiff,clear,distinct,even,soft_stick,0.243,0.267,0
11,light_white,stiff,clear,blur,even,hard_smooth,0.245,0.057,0
12,light_white,curl_up,little_heavily,blur,even,soft_stick,0.343,0.099,0
13,dark_green,little_curl_up,little_heavily,little_blur,sinking,hard_smooth,0.639,0.161,0
14,light_white,little_curl_up,heavily,little_blur,sinking,hard_smooth,0.657,0.198,0
15,black,little_curl_up,little_heavily,distinct,little_sinking,soft_stick,0.36,0.37,0
16,light_white,curl_up,little_heavily,blur,even,hard_smooth,0.593,0.042,0
17,dark_green,curl_up,heavily,little_blur,little_sinking,hard_smooth,0.719,0.103,0